News Link,News Headline
https://c.newsnow.co.uk/A/1074053416?-14432:11,Israeli President Rivlin tasks Netanyahu with formation of government
https://c.newsnow.co.uk/A/1074058545?-14432:11,Benjamin Netanyahu asked to form Israel government after inconclusive polls
https://c.newsnow.co.uk/A/1074059773?-14432:11,"IMF lifts growth for developing nations, warns of uneven recovery"
https://c.newsnow.co.uk/A/1074059254?-14432:11,IMF projects stronger 2021 growth amid pandemic rebound
https://c.newsnow.co.uk/A/1074056298?-14432:11,"Citing pandemic fears, North Korea says it won't attend Tokyo Olympics"
https://c.newsnow.co.uk/A/1074053679?-14432:11,North Korea opts out of Tokyo Olympics
https://c.newsnow.co.uk/A/1074057393?-14432:11,EU leaders meet Turkey’s Erdogan amid mutual desire for better relations
https://c.newsnow.co.uk/A/1074058644?-14432:11,"EU official, in Ankara visit, urges Turkey to ease disputes in the Mediterranean"
https://c.newsnow.co.uk/A/1074047266?-14432:11,AstraZeneca jab / EMA finds 'clear' link between vaccine and blood clots
https://c.newsnow.co.uk/A/1074048481?-14432:11,Regulators have found a link between AstraZeneca's COVID-19 shot and rare blood clots in
https://c.newsnow.co.uk/A/1074058567?-14432:11,Minneapolis Police chief condemns Derek Chauvin’s use of force on George Floyd
https://c.newsnow.co.uk/A/1074056740?-14432:11,"George Floyd: Chauvin violated policy with use of force, says Minneapolis police chief"
https://c.newsnow.co.uk/A/1074057339?-14432:11,"Kyrgyz president, Iranian FM discuss trade, investment"
https://c.newsnow.co.uk/A/1074033398?-14432:11,Iran ready to hold meeting of commission on economic cooperation with Kyrgyzstan
https://c.newsnow.co.uk/A/1074059957?-14432:11,Jordan prince pledges allegiance to king after royal mediation following public spat
https://c.newsnow.co.uk/A/1074022907?-14432:11,Jordan's Prince Hamza pledges allegiance to king after mediation
https://c.newsnow.co.uk/A/1074059920?-14432:11,"Ukrainians, Russian held for Dubai balcony nude photo shoot"
https://c.newsnow.co.uk/A/1074058622?-14432:11,11 women and man arrested over naked photo shoot on Dubai balcony
https://c.newsnow.co.uk/A/1074056327?-14432:11,South Africa signs deal to buy 20 million doses of the Pfizer-BioNTech COVID-19 vaccine
https://c.newsnow.co.uk/A/1074042720?-14432:11,South Africa signs Pfizer deal in boost to vaccination roll out
https://c.newsnow.co.uk/A/1074063632?-14432:11,Zenit 36 – COVID-19. Can football help defeat the Coronavirus?
https://c.newsnow.co.uk/A/1074063511?-14432:11,Palestinian Killed by Israeli Fire in West Bank: Palestinians
https://c.newsnow.co.uk/A/1074063476?-14432:11,"You could win $500,000 from the US government for designing the next generation of face masks"
https://c.newsnow.co.uk/A/1074063475?-14432:11,Trumpworld refuses to defend Matt Gaetz and called his response to sex-trafficking allegations
https://c.newsnow.co.uk/A/1074063474?-14432:11,China's powerful Type 055 destroyer joined its aircraft carrier group for first time
https://c.newsnow.co.uk/A/1074063442?-14432:11,"Update on AstraZeneca blood clot review coming this week, EU drug regulator says"
https://c.newsnow.co.uk/A/1074063404?-14432:11,"Here’s Why Before You Enter This Town In Antarctica, You Have To Remove Your Appendix"
https://c.newsnow.co.uk/A/1074063335?-14432:11,China suspends flights from Turkey over surging COVID-19 figures
https://c.newsnow.co.uk/A/1074063334?-14432:11,"U.S. should not give Turkey free pass on Armenian genocide, scholar says"
https://c.newsnow.co.uk/A/1074063333?-14432:11,"Turkey arresting admirals, students for criticism - analyst"
https://c.newsnow.co.uk/A/1074063199?-14432:11,U.S. Job Openings Increased to a Two-Year High in February
https://c.newsnow.co.uk/A/1074063198?-14432:11,Apollo Raises $1.8 Billion for Mega-Loans in Direct-Lending Push
https://c.newsnow.co.uk/A/1074063197?-14432:11,Ontario Faces Pressure to Close Schools as Variant Cases Rise
https://c.newsnow.co.uk/A/1074063196?-14432:11,Florida Democratic Representative Alcee Hastings Dies
https://c.newsnow.co.uk/A/1074063195?-14432:11,EU’s Data Watchdogs Warn Against Risks of Vaccine Passport
https://c.newsnow.co.uk/A/1074063194?-14432:11,Johnson Says U.K. Hasn’t Given Up on International Trips by May
https://c.newsnow.co.uk/A/1074063193?-14432:11,Banks Turn India’s Hot-Money Move Into Lucrative Trade Strategy
https://c.newsnow.co.uk/A/1074063174?-14432:11,Get a Taste of the Upcoming Gastro Obscura Book
https://c.newsnow.co.uk/A/1074063037?-14432:11,The Perils of Overhyping Artificial Intelligence
https://c.newsnow.co.uk/A/1074062968?-14432:11,Majority of Poles grateful for their health during COVID-19 pandemic: survey
https://c.newsnow.co.uk/A/1074062895?-14432:11,Efforts continue to get US back to Iran nuclear negotiating table
https://c.newsnow.co.uk/A/1074062883?-14432:11,Are Covid Passports the Future?
https://c.newsnow.co.uk/A/1074062780?-14432:11,"Daily Memo: Top EU Officials in Ankara, Chip Industry Under Strain"
https://c.newsnow.co.uk/A/1074062763?-14432:11,‘Don’t be surprised if buildings burn’: BLM activist warns ‘all hell will break loose’ if Chauvin acquitted of George
https://c.newsnow.co.uk/A/1074062734?-14432:11,EU approves bailout for Air France despite competition concerns
https://c.newsnow.co.uk/A/1074062715?-14432:11,China moves aircraft carrier near Taiwan and threatens regular drills
https://c.newsnow.co.uk/A/1074062714?-14432:11,"Russian FM in Pakistan, Afghan talks to dominate agenda"
https://c.newsnow.co.uk/A/1074062608?-14432:11,‘Inevitable’ new wave could mean masks and social distancing still needed
https://c.newsnow.co.uk/A/1074062520?-14432:11,Cuba Refuses 'Deceitful & Politicised' US Human Rights Report
https://c.newsnow.co.uk/A/1074062441?-14432:11,Migrants stuck at the Mexican border: Is Biden's America within reach?
https://c.newsnow.co.uk/A/1074062402?-14432:11,Kidnapped Toddler Reunited With Family 32 Years Later
https://c.newsnow.co.uk/A/1074062405?-14432:11,"With a big if, EU hopes for “community immunity” by June"
https://c.newsnow.co.uk/A/1074062385?-14432:11,"Late snow storm snarls traffic in Croatia, Slovenia"
https://c.newsnow.co.uk/A/1074062357?-14432:11,Abu Dhabi's Etihad Starts Direct Passenger Flights to Israel
https://c.newsnow.co.uk/A/1074062355?-14432:11,Activists Plot Demo At Harare Magistrates Courts
https://c.newsnow.co.uk/A/1074062331?-14432:11,"We need speed and simplicity to remove barriers to the acquisition, manufacture and distribution of COVID-19 vaccines"
https://c.newsnow.co.uk/A/1074062163?-14432:11,'Florida Man Bad': Why is US Big Media Trying to Find Faults With Governor Ron DeSantis?
https://c.newsnow.co.uk/A/1074062162?-14432:11,EU’s Von der Leyen and Michel Brief Media on Meeting With Turkish President Erdogan
https://c.newsnow.co.uk/A/1074062119?-14432:11,Colonel General Abdulwahab al-Saadi
https://c.newsnow.co.uk/A/1074062110?-14432:11,Official: EU agency to confirm AstraZeneca blood clot link
https://c.newsnow.co.uk/A/1074062094?-14432:11,Plan to upgrade Alaska airport is criticized by residents
https://c.newsnow.co.uk/A/1074062051?-14432:11,Derek Chauvin’s Actions in George Floyd Arrest Violated Department Policy: Police Chief
https://c.newsnow.co.uk/A/1074062050?-14432:11,"CCP Adviser Outlines Plan to Control South China Sea, Challenge US Dominance in Indo-Pacific"
https://c.newsnow.co.uk/A/1074061978?-14432:11,"Police: 2 people shot, suspect ‘down’ in Maryland"
https://c.newsnow.co.uk/A/1074061954?-14432:11,UK Corona Cases
https://c.newsnow.co.uk/A/1074061953?-14432:11,Covid Deaths in World
https://c.newsnow.co.uk/A/1074061885?-14432:11,UK Deliveroo riders to go on strike in protest against ‘poverty pay’
https://c.newsnow.co.uk/A/1074061884?-14432:11,Erdogan claims rumblings of coup over letter signed by 104 naval officers
https://c.newsnow.co.uk/A/1074061853?-14432:11,Saudi in dispute over billions of dollars in unpaid bills
https://c.newsnow.co.uk/A/1074061852?-14432:11,US 'closely monitoring' sentencing of Saudi aid worker
https://c.newsnow.co.uk/A/1074061851?-14432:11,"Qatar runs world's first flight with only vaccinated passengers, crew"
https://c.newsnow.co.uk/A/1074061760?-14432:11,"A Healthy Indian Ocean Feeds, Protects, and Connects all South Asians"
https://c.newsnow.co.uk/A/1074061728?-14432:11,Card Ranjith attacks former President Sirisena over Easter Sunday bombings
https://c.newsnow.co.uk/A/1074061575?-14432:11,"U.S. Far Left, Chinese Communist Party Are Ideological Kissing Cousins"
https://c.newsnow.co.uk/A/1074061527?-14432:11,1st round of JCPOA Joint Commission wraps up
https://c.newsnow.co.uk/A/1074061517?-14432:11,Turkey jails four over bombing that killed German tourists
https://c.newsnow.co.uk/A/1074061516?-14432:11,Death toll from fighting Darfur rises to 50
https://c.newsnow.co.uk/A/1074061515?-14432:11,Jordanian FM meets with Saudi counterpart after 'coup attempt'
https://c.newsnow.co.uk/A/1074061514?-14432:11,Biden administration says torture-accused Egypt ex-PM 'had diplomatic immunity'
https://c.newsnow.co.uk/A/1074061513?-14432:11,Iraqi government approves expansion of Iran-linked Hashd Al-Shaabi militia
https://c.newsnow.co.uk/A/1074061498?-14432:11,Chinese Embassy blasts opposition politicians over remarks on Uighurs
https://c.newsnow.co.uk/A/1074061447?-14432:11,Georgia’s Unfinished Search for Its Place in Europe
https://c.newsnow.co.uk/A/1074061394?-14432:11,Russian opposition leader Navalny reportedly in prison infirmary
https://c.newsnow.co.uk/A/1074061248?-14432:11,Philippines Holy Week lockdown extended to first week of Easter
https://c.newsnow.co.uk/A/1074061220?-14432:11,IDF Northern Command Calls Snap Border Drill
https://c.newsnow.co.uk/A/1074061201?-14432:11,Less Is More: Redefining the Luxury Goods Market
https://c.newsnow.co.uk/A/1074061100?-14432:11,"Zongolica, Veracruz: Who was Zopiyactle Colohua, The Former Mayor of Mixtla Murdered and"
https://c.newsnow.co.uk/A/1074061089?-14432:11,Over 62% of the UAE population vaccinated against COVID-19
https://c.newsnow.co.uk/A/1074061087?-14432:11,Cleveland businessman Bernie Moreno announces US Senate bid
https://c.newsnow.co.uk/A/1074061083?-14432:11,Tanzania's new president prioritises Covid-19 research
https://c.newsnow.co.uk/A/1074060952?-14432:11,Qatar’s New Musherib-class OPV Starts Sea Trials
https://c.newsnow.co.uk/A/1074060949?-14432:11,"Police: 2 victims, suspect ‘down’ in Maryland shooting"
https://c.newsnow.co.uk/A/1074060907?-14432:11,Biden administration repurposing Long Beach Convention Center as 12th overflow facility for
https://c.newsnow.co.uk/A/1074060898?-14432:11,OPINION: Kerry’s last minute UAE climate visit a marker of future relations
https://c.newsnow.co.uk/A/1074060897?-14432:11,Panama’s fight for a delayed right: women's economic independence
https://c.newsnow.co.uk/A/1074060868?-14432:11,Planters Ordered to Destroy Oil-Palm as Sri Lanka Joins Boycott
https://c.newsnow.co.uk/A/1074060858?-14432:11,PREMIUM: Slovakia prefers revitalised Mi-17s to more Black Hawks
https://c.newsnow.co.uk/A/1074060827?-14432:11,"‘We’re going to save’. Protesters rally outside Alexey Navalny’s prison, demanding that he get better medical treatment"
https://c.newsnow.co.uk/A/1074060801?-14432:11,European Institutions Were Targeted in a Cyber-Attack Last Week
https://c.newsnow.co.uk/A/1074060755?-14432:11,Kosovo's new president takes office at the age of 38
https://c.newsnow.co.uk/A/1074060754?-14432:11,Israel's president invites Benjamin Netanyahu to form governing coalition
https://c.newsnow.co.uk/A/1074060753?-14432:11,Russian citizen arrested over filming of naked women on Dubai balcony
https://c.newsnow.co.uk/A/1074060751?-14432:11,"Short-seller Hindenburg takes aim at Chinese crypto firm Ebang, shares slump"
https://c.newsnow.co.uk/A/1074060736?-14432:11,Key Figure In Gaetz’s Iranian Alibi Denies Extortion Attempt
https://c.newsnow.co.uk/A/1074060644?-14432:11,Russia Piles Up the Pressure on Ukraine
https://c.newsnow.co.uk/A/1074060634?-14432:11,Jordan’s Prince Hamza Signs Letter of Allegiance to King Abdullah
https://c.newsnow.co.uk/A/1074060633?-14432:11,Abbas’s snubs work like a charm on Biden
https://c.newsnow.co.uk/A/1074060582?-14432:11,"Dave Grohl to publish memoir, The Storyteller"
https://c.newsnow.co.uk/A/1074060505?-14432:11,"Will the U.S. Army Build a New ""Big 10"" Set of Futuristic Weapons?"
https://c.newsnow.co.uk/A/1074060496?-14432:11,Sunflowers and dried mangoes are the key to surviving climate change in rural Zimbabwe
https://c.newsnow.co.uk/A/1074060479?-14432:11,Statue of Irish-born slave-owning merchant removed from US city
https://c.newsnow.co.uk/A/1074060439?-14432:11,Stoltenberg assures Zelensky of NATO's support amid escalation in Donbas
https://c.newsnow.co.uk/A/1074060343?-14432:11,How Liberal Values Became a Business in Afghanistan
https://c.newsnow.co.uk/A/1074060234?-14432:11,No 10 says mayor of London's cannabis review a 'waste of time'
https://c.newsnow.co.uk/A/1074060166?-14432:11,IN BRIEF Ep2 : Conservation as Colonialism
https://c.newsnow.co.uk/A/1074060085?-14432:11,ICE reportedly has thousands of empty beds as detentions drop
https://c.newsnow.co.uk/A/1074060084?-14432:11,"Vax all, folks: Biden moving up COVID shot eligibility for US adults"
https://c.newsnow.co.uk/A/1074059968?-14432:11,South Africa: Eastern Cape Premier Raises Alarm Over Impact of Easter Travel On Covid-19 Infections
https://c.newsnow.co.uk/A/1074059957?-14432:11,Jordan prince pledges allegiance to king after royal mediation following public spat
https://c.newsnow.co.uk/A/1074059928?-14432:11,Lava flow forces evacuation of Iceland volcano sightseers
https://c.newsnow.co.uk/A/1074059912?-14432:11,"In Serbia, COVID vaccine supply outweighs demand amid mistrust"
https://c.newsnow.co.uk/A/1074059920?-14432:11,"Ukrainians, Russian held for Dubai balcony nude photo shoot"
https://c.newsnow.co.uk/A/1074059849?-14432:11,Iranian prosecutor announces indictments in downing of Ukrainian jet
https://c.newsnow.co.uk/A/1074059773?-14432:11,"IMF lifts growth for developing nations, warns of uneven recovery"
https://c.newsnow.co.uk/A/1074059757?-14432:11,MEPs write to Leyen and Michel ahead of visit to Turkey
https://c.newsnow.co.uk/A/1074059739?-14432:11,"Serbia’s President teases Montenegro leaders of listening NATO, USA, EU and not him"
https://c.newsnow.co.uk/A/1074059633?-14432:11,We went inside the Baltimore Police Department to see what de-escalation training looks like —
https://c.newsnow.co.uk/A/1074059629?-14432:11,The Ever Given getting stuck showed how much our lives depend on lots and lots of big metal
https://c.newsnow.co.uk/A/1074059542?-14432:11,Norwegian Coast Guard Rescues Crew of Dutch Cargo Ship in Distress
https://c.newsnow.co.uk/A/1074059505?-14432:11,JCPOA Joint Commission kicks off in Vienna
https://c.newsnow.co.uk/A/1074059486?-14432:11,Syria: NGO says 19 people kidnapped by ISIS
https://c.newsnow.co.uk/A/1074059353?-14432:11,PPRD South 3: Regional Guidelines Document on Civil Protection Planning finalised
https://c.newsnow.co.uk/A/1074059352?-14432:11,EU-funded SANAD helps Tunisian entrepreneurs tackle COVID-19 crisis
https://c.newsnow.co.uk/A/1074059351?-14432:11,Morocco: THE NEXT SOCIETY Policy Lab to showcase successful public-private partnership
https://c.newsnow.co.uk/A/1074059261?-14432:11,Hedge Funds See Something in the Reflation Trade They Don’t Like
https://c.newsnow.co.uk/A/1074047266?-14432:11,AstraZeneca jab / EMA finds 'clear' link between vaccine and blood clots
https://c.newsnow.co.uk/A/1074048483?-14432:11,"Mysterious drones swarmed US warships, and the Navy has no idea where they came from more than"
https://c.newsnow.co.uk/A/1074027102?-14432:11,Israel president nominates Netanyahu to try to form government
https://c.newsnow.co.uk/A/1074050459?-14432:11,U.S. Navy deploys Theodore Roosevelt Carrier Strike Group to South China Sea
https://c.newsnow.co.uk/A/1074044576?-14432:11,Russia begins massive military exercise
https://c.newsnow.co.uk/A/1074048481?-14432:11,Regulators have found a link between AstraZeneca's COVID-19 shot and rare blood clots in
